{"mean":[[-148.3753662109375,0.05287791043519974,-0.00845864787697792],[104.72647857666016,-0.0054241674952209,-0.0047090244479477406],[-13.042319297790527,-0.01735094003379345,0.032689470797777176],[40.12485885620117,0.024352051317691803,-0.04110928252339363],[-4.4091925621032715,-0.011385535821318626,0.01944793574512005],[17.786815643310547,0.013260262086987495,-0.02751500904560089],[-8.195046424865723,-0.012986131943762302,0.022488314658403397],[12.94233226776123,0.011759261600673199,-0.02144940383732319],[-9.744206428527832,-0.01063959114253521,0.021259892731904984],[10.06781005859375,0.010596844367682934,-0.017419831827282906],[-8.076098442077637,-0.010948030278086662,0.0183291994035244],[6.436283111572266,0.008307714946568012,-0.012499040924012661],[-6.487371444702148,-0.00720385042950511,0.016808269545435905]],"std":[[117.98479461669922,9.92758846282959,6.405023097991943],[41.51020050048828,4.432459831237793,2.6890602111816406],[30.362041473388672,3.454911231994629,2.0527679920196533],[21.88848304748535,2.360248327255249,1.4058196544647217],[17.642892837524414,2.0772597789764404,1.2464356422424316],[15.986193656921387,1.876871943473816,1.1453663110733032],[14.289022445678711,1.7411537170410156,1.0531996488571167],[13.624137878417969,1.5333679914474487,0.9671741127967834],[11.93787670135498,1.4882352352142334,0.9294857382774353],[11.650788307189941,1.4393105506896973,0.8946260809898376],[10.556039810180664,1.37551748752594,0.8569946885108948],[10.236684799194336,1.3036211729049683,0.822259247303009],[9.748130798339844,1.2921901941299438,0.8108503222465515]]}